TC,LOC,SC,E
org.apache.bcel.verifier.VerifyBadClassesTestCase#testB312,3,0,187.394394
org.apache.bcel.classfile.JDKClassDumpTestCase#testPerformance,3,0,194.738617
org.apache.bcel.generic.IMPDEP1TestCase#accept,8,2,176.894775
org.apache.bcel.generic.BranchHandleTestCase#testsetInstructionnotBI,5,4,187.958908
org.apache.bcel.verifier.VerifierInvokeTestCase#testLegalInvokeInterface,3,0,184.10817
org.apache.bcel.util.ModularRuntimeImageTestCase#testListJreModulePackageDir,5,5,179.443329
org.apache.bcel.generic.PUTFIELDTestCase#accept,16,2,182.496948
org.apache.bcel.CounterVisitorTestCase#testConstantFieldrefCount,3,0,191.134888
org.apache.bcel.classfile.JDKClassDumpTestCase#testPerformanceJmod,3,0,683.00769
org.apache.bcel.generic.IMULTestCase#accept,12,2,184.349014
org.apache.bcel.classfile.UtilityTestCase#testClearBit,9,0,176.774719
org.apache.bcel.util.Class2HTMLTestCase#testReferenceToConstant,3,1,175.214935
org.apache.bcel.CounterVisitorTestCase#testMethodCount,3,0,190.305984
org.apache.bcel.CounterVisitorTestCase#testConstantFloatCount,3,0,184.483673
org.apache.bcel.generic.InstructionHandleTestCase#testBCEL195,6,1,177.463364
org.apache.bcel.generic.InstructionHandleTestCase#testsetInstructionNull,5,4,178.36586
org.apache.bcel.generic.MethodGenTestCase#testInvalidNullMethodBody_MailDateFormat,3,0,189.816696
org.apache.bcel.generic.IANDTestCase#accept,12,2,192.353683
org.apache.bcel.generic.DDIVTestCase#accept,12,2,184.467056
org.apache.bcel.CounterVisitorTestCase#testConstantLongCount,3,0,181.647705
org.apache.bcel.generic.F2ITestCase#accept,12,2,182.499847
org.apache.bcel.ElementValueGenTestCase#testCreateStringElementValue,7,0,185.720825
org.apache.bcel.verifier.VerifyJavaUtilTestCase#testTreeMap,3,0,180.615692
org.apache.bcel.PLSETestCase#testBCEL361,12,0,202.126129
org.apache.bcel.generic.IDIVTestCase#accept,13,2,186.487976
org.apache.bcel.PLSETestCase#testCoverage,13,0,181.490662
org.apache.bcel.generic.IADDTestCase#accept,12,2,176.827698
org.apache.bcel.AnonymousClassTestCase#testStaticInnerClassIsNotAnonymous,5,0,186.170486
org.apache.bcel.generic.LDIVTestCase#accept,13,2,176.782272
org.apache.bcel.CounterVisitorTestCase#testConstantStringCount,3,0,187.370453
org.apache.bcel.generic.IREMTestCase#accept,13,2,185.941666
org.apache.bcel.util.InstructionFinderTest#testSearch,13,6,182.081329
org.apache.bcel.CounterVisitorTestCase#testCodeCount,3,0,189.124664
org.apache.bcel.generic.I2BTestCase#accept,12,2,181.348526
org.apache.bcel.classfile.ConstantPoolTestCase#testTooManyConstants,10,2,201.826614
org.apache.bcel.util.LruCacheClassPathRepositoryTestCase#testCacheEviction,14,10,181.315475
org.apache.bcel.generic.I2CTestCase#accept,12,2,176.267334
org.apache.bcel.generic.I2FTestCase#accept,12,2,178.094543
org.apache.bcel.HandleTestCase#testBranchHandle,3,0,209.703995
org.apache.bcel.verifier.VerifierTestCase#testWSDL,3,1,213.841644
org.apache.bcel.CounterVisitorTestCase#testSignatureCount,3,0,187.492355
org.apache.bcel.util.ClassPathRepositoryTestCase#testClassPathRepository,5,3,188.418167
org.apache.bcel.util.LruCacheClassPathRepositoryTestCase#testZeroCacheSize,5,2,184.585739
org.apache.bcel.CounterVisitorTestCase#testStackMapEntryCount,3,0,186.30777
org.apache.bcel.generic.ISUBTestCase#accept,12,2,186.075134
org.apache.bcel.AnnotationAccessFlagTestCase#testAnnotationClassSaysItIs,6,0,179.116821
org.apache.bcel.classfile.UtilityTestCase#testSearchOpcode,8,0,178.960007
org.apache.bcel.CounterVisitorTestCase#testConstantValueCount,3,0,182.026443
org.apache.bcel.ElementValueGenTestCase#testCreateBooleanElementValue,8,0,183.707306
org.apache.bcel.EnclosingMethodAttributeTestCase#testCheckClassLevelNamedInnerClass,10,0,182.87355
org.apache.bcel.util.ClassPathRepositoryTestCase#testClassPath,8,4,181.174271
org.apache.bcel.util.BCELifierTestCase#testJavapCompare,3,1,867.556442
org.apache.bcel.classfile.UtilityTestCase#testSignatureToStringWithGenerics,15,0,180.97879
org.apache.bcel.generic.GETFIELDTestCase#accept,16,2,178.838898
org.apache.bcel.generic.I2LTestCase#accept,12,2,182.756989
org.apache.bcel.ElementValueGenTestCase#testCreateEnumElementValue,8,0,184.956635
org.apache.bcel.verifier.VerifierInvokeTestCase#testLegalInvokeSpecial,4,0,194.942017
org.apache.bcel.generic.FNEGTestCase#accept,12,2,181.626526
org.apache.bcel.CounterVisitorTestCase#testConstantPoolCount,3,0,187.986176
org.apache.bcel.util.ModularRuntimeImageTestCase#testListJrePackages,5,5,186.430222
org.apache.bcel.verifier.VerifyJavaMathTestCase#testBigInteger,3,0,183.530334
org.apache.bcel.PLSETestCase#testBCEL295,12,0,185.966766
org.apache.bcel.verifier.VerifyJavaMathTestCase#testBigDecimal,3,0,176.555984
org.apache.bcel.HandleTestCase#testInstructionHandle,3,0,188.033737
org.apache.bcel.classfile.CodeExceptionTestCase#testReferenceToConstant,3,1,177.577591
org.apache.bcel.CounterVisitorTestCase#testParameterAnnotationCount,3,0,186.395737
org.apache.bcel.generic.MethodGenTestCase#testAnnotationsAreUnpacked,9,0,183.355469
org.apache.bcel.util.ClassPathRepositoryTestCase#testNoClassNotFound,6,4,179.158752
org.apache.bcel.generic.ArrayTypeTest#testGetSignatureDim2,5,5,181.207947
org.apache.bcel.generic.GeneratingAnnotatedClassesTestCase#testTransformClassToClassGen_SimpleTypes,6,0,183.263763
org.apache.bcel.generic.ArrayTypeTest#testGetSize,4,4,182.152557
org.apache.bcel.CounterVisitorTestCase#testExceptionTableCount,3,0,181.714081
org.apache.bcel.generic.ISHLTestCase#accept,12,2,178.530869
org.apache.bcel.verifier.VerifierReturnTestCase#testValidReturn,4,0,198.371948
org.apache.bcel.generic.L2DTestCase#accept,12,2,184.830627
org.apache.bcel.verifier.VerifierInvokeTestCase#testLegalInvokeVirtual,4,0,191.946304
org.apache.bcel.verifier.VerifyBadClassesTestCase#testB309,3,0,181.434753
org.apache.bcel.CounterVisitorTestCase#testConstantNameAndTypeCount,3,0,182.514038
org.apache.bcel.generic.GeneratingAnnotatedClassesTestCase#testModifyingClasses2,11,0,182.193222
org.apache.bcel.verifier.VerifierTestCase#testCollection,3,1,187.698288
org.apache.bcel.verifier.VerifierArrayAccessTestCase#testValidArrayAccess,5,0,188.230881
org.apache.bcel.generic.LMULTestCase#accept,12,2,183.900742
org.apache.bcel.util.ClassPathRepositoryTestCase#testClassWithoutPackage,6,4,183.056381
org.apache.bcel.verifier.VerifierInvokeTestCase#testLegalInvokeStatic,3,0,185.663559
org.apache.bcel.CounterVisitorTestCase#testConstantIntegerCount,3,0,182.992706
org.apache.bcel.CounterVisitorTestCase#testConstantMethodrefCount,3,0,185.798294
org.apache.bcel.verifier.VerifyBadClassesTestCase#testB308,3,0,188.572647
org.apache.bcel.generic.LCMPTestCase#accept,11,2,183.972763
org.apache.bcel.classfile.UtilityTestCase#testConvertString,8,0,183.258926
org.apache.bcel.generic.BasicTypeTest#testGetType,3,2,176.66243
org.apache.bcel.generic.FieldAnnotationsTestCase#testFieldAnnotationEntrys,5,0,184.838654
org.apache.bcel.generic.DREMTestCase#accept,12,2,179.870361
org.apache.bcel.ElementValueGenTestCase#testCreateIntegerElementValue,7,0,183.470764
org.apache.bcel.CounterVisitorTestCase#testConstantClassCount,3,0,199.476639
org.apache.bcel.CounterVisitorTestCase#testInnerClassesCount,3,0,189.676895
org.apache.bcel.generic.FREMTestCase#accept,12,2,188.273712
org.apache.bcel.generic.FADDTestCase#accept,12,2,177.497086
org.apache.bcel.AnonymousClassTestCase#testRegularClassIsNotAnonymous,5,0,188.793503
org.apache.bcel.generic.D2LTestCase#accept,12,2,182.5298
org.apache.bcel.generic.MethodGenTestCase#testInvalidNullMethodBody_EmptyStaticInit,3,0,186.276901
org.apache.bcel.classfile.ConstantPoolModuleToStringTestCase#testClass,3,0,193.904266
org.apache.bcel.verifier.VerifyJavaHomesTestCase#testJarEntryClassName,18,0,182.935242
org.apache.bcel.CounterVisitorTestCase#testUnknownCount,3,0,189.110794
org.apache.bcel.generic.LXORTestCase#accept,12,2,177.378555
org.apache.bcel.PerformanceTest#testPerformance,15,0,190.278473
org.apache.bcel.verifier.VerifierArrayAccessTestCase#testInvalidArrayAccess,16,0,187.317932
org.apache.bcel.generic.IORTestCase#accept,12,2,184.439667
org.apache.bcel.util.Class2HTMLTestCase#testConvertJavaUtil,10,5,184.368515
org.apache.bcel.generic.TypeTestCase#testBCEL243,5,2,182.677933
org.apache.bcel.verifier.VerifyJavaUtilTestCase#testLinkedHashMap,3,0,182.801422
org.apache.bcel.generic.LSUBTestCase#accept,12,2,185.279938
org.apache.bcel.OssFuzzTestCase#testIssue53543,3,0,185.362305
org.apache.bcel.classfile.LocalVariableTestCase#testReferenceToConstant,3,1,176.130981
org.apache.bcel.generic.InstructionHandleTestCase#testsetInstructionnotI,5,4,176.279526
org.apache.bcel.generic.FieldAnnotationsTestCase#testFieldAnnotationModification,37,0,189.45285
org.apache.bcel.CounterVisitorTestCase#testLineNumberTableCount,3,0,184.79718
org.apache.bcel.generic.GeneratingAnnotatedClassesTestCase#testTransformComplexClassToClassGen,15,0,181.887619
org.apache.bcel.generic.JdkGenericDumpTestCase#testJdkJars,3,0,189.653946
org.apache.bcel.generic.FDIVTestCase#accept,12,2,186.808609
org.apache.bcel.OssFuzzTestCase#testIssue51989,3,0,183.307205
org.apache.bcel.verifier.VerifyBadClassesTestCase#testB311,3,0,192.24411
org.apache.bcel.EnclosingMethodAttributeTestCase#testCheckMethodLevelNamedInnerClass,11,0,186.708939
org.apache.bcel.generic.FMULTestCase#accept,12,2,183.986084
org.apache.bcel.generic.I2STestCase#accept,12,2,182.952301
org.apache.bcel.CounterVisitorTestCase#testFieldCount,3,0,189.27269
org.apache.bcel.CounterVisitorTestCase#testSyntheticCount,3,0,184.951096
org.apache.bcel.generic.INEGTestCase#accept,12,2,176.556717
org.apache.bcel.generic.BasicTypeTest#testClassName,11,11,180.388199
org.apache.bcel.verifier.JiraBcel291TestCase#test,3,0,174.631714
org.apache.bcel.classfile.ConstantPoolTestCase#testConstantToString,22,9,191.144028
org.apache.bcel.InstructionFinderTestCase#testSearchAll,24,0,184.359818
org.apache.bcel.generic.ArrayTypeTest#testGetDimensions,5,3,177.944885
org.apache.bcel.classfile.ConstantPoolTestCase#testClassWithLongConstantPoolItem,19,11,190.084946
org.apache.bcel.generic.PUTSTATICTestCase#accept,16,2,176.746429
org.apache.bcel.ElementValueGenTestCase#testCreateDoubleElementValue,8,0,179.668701
org.apache.bcel.generic.LREMTestCase#accept,13,2,183.695801
org.apache.bcel.CounterVisitorTestCase#testStackMapCount,3,0,180.582306
org.apache.bcel.CounterVisitorTestCase#testDeprecatedCount,3,0,188.99086
org.apache.bcel.CounterVisitorTestCase#testLocalVariableCount,3,0,183.51738
org.apache.bcel.generic.F2LTestCase#accept,12,2,182.399918
org.apache.bcel.PLSETestCase#testBCEL208,10,0,188.148849
org.apache.bcel.generic.ArrayTypeTest#testGetBasicType,5,3,176.263474
org.apache.bcel.CounterVisitorTestCase#testInnerClassCount,3,0,187.130737
org.apache.bcel.classfile.UtilityTestCase#testPrintArray,10,0,177.752762
org.apache.bcel.generic.ArrayTypeTest#testGetSignatureDim1,5,5,179.469818
org.apache.bcel.PLSETestCase#testBCEL79,10,0,180.491699
org.apache.bcel.util.ModularRuntimeImageTestCase#testListJreModules,5,5,187.728622
org.apache.bcel.ElementValueGenTestCase#testCreateByteElementValue,8,0,185.50174
org.apache.bcel.util.LruCacheClassPathRepositoryTestCase#testLeastRecentlyUsedEviction,15,10,185.420761
org.apache.bcel.CounterVisitorTestCase#testAnnotationDefaultCount,3,0,188.783295
org.apache.bcel.util.BCELifierTestCase#testHelloWorld,12,6,190.927414
org.apache.bcel.generic.L2ITestCase#accept,12,2,178.396759
org.apache.bcel.ElementValueGenTestCase#testCreateClassElementValue,8,0,177.895691
org.apache.bcel.generic.FSUBTestCase#accept,12,2,187.952774
org.apache.bcel.classfile.UtilityTestCase#testIsSet,10,0,184.433167
org.apache.bcel.generic.BREAKPOINTTestCase#accept,8,2,175.673065
org.apache.bcel.generic.LANDTestCase#accept,12,2,187.994644
org.apache.bcel.generic.AnnotationGenTestCase#testVisibleInvisibleAnnotationGen,34,0,194.686829
org.apache.bcel.verifier.VerifierTestCase#testArrayUtils,3,1,189.335648
org.apache.bcel.generic.LSHLTestCase#accept,12,2,187.519806
org.apache.bcel.generic.IXORTestCase#accept,12,2,181.37175
org.apache.bcel.classfile.UtilityTestCase#testSetBit,9,0,178.598007
org.apache.bcel.ElementValueGenTestCase#testCreateCharElementValue,8,0,183.031052
org.apache.bcel.ElementValueGenTestCase#testCreateShortElementValue,8,0,179.372894
org.apache.bcel.generic.AnnotationGenTestCase#testConstructMutableAnnotation,12,0,185.728683
org.apache.bcel.CounterVisitorTestCase#testJavaClassCount,3,0,188.072891
org.apache.bcel.OssFuzzTestCase#testIssue51980,3,0,178.285355
org.apache.bcel.CounterVisitorTestCase#testSourceFileCount,3,0,187.451935
org.apache.bcel.generic.DNEGTestCase#accept,12,2,183.232117
org.apache.bcel.generic.GeneratingAnnotatedClassesTestCase#testGenerateClassLevelAnnotations,23,0,190.760452
org.apache.bcel.LocalVariableTypeTableTestCase#testWithGenericArguement,13,0,181.291351
org.apache.bcel.generic.ObjectTypeTest#testGetClassName,5,2,175.876511
org.apache.bcel.generic.MethodGenTestCase#testRemoveLocalVariable,16,0,191.497421
org.apache.bcel.PLSETestCase#testBCEL262,12,0,186.459732
org.apache.bcel.EnumAccessFlagTestCase#testEnumClassSaysItIs,6,0,181.253311
org.apache.bcel.generic.ISHRTestCase#accept,12,2,178.163147
org.apache.bcel.AnonymousClassTestCase#testNamedInnerClassIsNotAnonymous,5,0,186.156662
org.apache.bcel.generic.JiraBcel362TestCase#testProcessConstantPoolWithCondyEntry,5,0,182.94989
org.apache.bcel.generic.ArrayTypeTest#testGetSignatureDim4,5,5,178.772232
org.apache.bcel.CounterVisitorTestCase#testEnclosingMethodCount,3,0,186.893936
org.apache.bcel.util.ClassPathTestCase#testGetClassFile,3,1,178.991714
org.apache.bcel.classfile.ConstantPoolModuleToStringTestCase#test,9,0,188.10022
org.apache.bcel.generic.LORTestCase#accept,12,2,185.931061
org.apache.bcel.ElementValueGenTestCase#testCreateLongElementValue,8,0,178.133087
org.apache.bcel.util.ClassPathTestCase#testGetResourceAsStream,5,2,179.230728
org.apache.bcel.generic.InstructionHandleTestCase#testsetInstructionI,6,6,178.382767
org.apache.bcel.generic.BranchHandleTestCase#testGetBHnull,3,1,178.614563
org.apache.bcel.CounterVisitorTestCase#testCodeExceptionCount,3,0,180.822845
org.apache.bcel.generic.JdkGenericDumpTestCase#testJdkModules,3,0,285.799973
org.apache.bcel.CounterVisitorTestCase#testAnnotationEntryCount,3,0,182.272186
org.apache.bcel.CounterVisitorTestCase#testConstantInterfaceMethodrefCount,3,0,181.744049
org.apache.bcel.generic.F2DTestCase#accept,12,2,183.707733
org.apache.bcel.ElementValueGenTestCase#testCreateFloatElementValue,7,0,176.60112
org.apache.bcel.generic.GeneratingAnnotatedClassesTestCase#testTransformClassToClassGen_EnumType,6,0,187.920105
org.apache.bcel.verifier.VerifierTestCase#testCommonsLang1,3,1,247.500305
org.apache.bcel.generic.L2FTestCase#accept,12,2,186.168716
org.apache.bcel.OssFuzzTestCase#testIssue53544a,3,0,187.501984
org.apache.bcel.util.ModularRuntimeImageTestCase#testListJreModule,5,5,179.765244
org.apache.bcel.generic.DMULTestCase#accept,12,2,195.526855
org.apache.bcel.generic.I2DTestCase#accept,12,2,176.238113
org.apache.bcel.generic.D2ITestCase#accept,12,2,182.673218
org.apache.bcel.generic.DADDTestCase#accept,12,2,184.624374
org.apache.bcel.util.ClassPathRepositoryTestCase#testNullInput,6,4,182.827011
org.apache.bcel.generic.FieldAnnotationsTestCase#testFieldAnnotationEntrysReadWrite,12,0,184.713913
org.apache.bcel.verifier.VerifierTestCase#testDefinitionImpl,3,1,191.75856
org.apache.bcel.AnnotationDefaultAttributeTestCase#testMethodAnnotations,8,0,185.352188
org.apache.bcel.generic.LADDTestCase#accept,12,2,183.048645
org.apache.bcel.generic.DSUBTestCase#accept,12,2,177.685974
org.apache.bcel.util.ClassPathTestCase#testGetResource,3,1,187.042892
org.apache.bcel.CounterVisitorTestCase#testLocalVariableTypeTableCount,3,0,182.341202
org.apache.bcel.OssFuzzTestCase#testIssue52168,3,0,178.390625
org.apache.bcel.verifier.VerifyBadClassesTestCase#testB307,3,0,186.182953
org.apache.bcel.util.ClassPathRepositoryTestCase#testMemorySensitiveClassPathRepository,5,2,186.282166
org.apache.bcel.generic.ArrayTypeTest#testGetType,4,4,178.197556
org.apache.bcel.util.BCELifierTestCase#testStart,7,2,184.44902
org.apache.bcel.CounterVisitorTestCase#testLocalVariableTableCount,3,0,183.680023
org.apache.bcel.generic.BranchHandleTestCase#testsetInstructionNull,5,4,177.470459
org.apache.bcel.util.ClassPathRepositoryTestCase#testEmptyInput,6,4,185.433258
org.apache.bcel.verifier.VerifyJavaUtilTestCase#testHashMap,3,0,181.260727
org.apache.bcel.CounterVisitorTestCase#testAnnotationsCount,3,0,186.806534
org.apache.bcel.verifier.VerifyBadClassesTestCase#testB313,3,0,190.942581
org.apache.bcel.generic.GeneratingAnnotatedClassesTestCase#testModifyingClasses1,9,0,184.530548
org.apache.bcel.generic.MethodGenTestCase#testRemoveLocalVariables,16,0,184.424545
org.apache.bcel.generic.BranchHandleTestCase#testsetInstructionBI,6,6,184.853409
org.apache.bcel.generic.IMPDEP2TestCase#accept,8,2,178.584412
org.apache.bcel.AnonymousClassTestCase#testAnonymousInnerClassIsAnonymous,5,0,178.465485
org.apache.bcel.verifier.structurals.UninitializedObjectTypeTestCase#testReferenceToConstant,3,1,181.88739
org.apache.bcel.generic.GeneratingAnnotatedClassesTestCase#testTransformClassToClassGen_ArrayAndAnnotationTypes,35,0,181.253128
org.apache.bcel.generic.GeneratingAnnotatedClassesTestCase#testGenerateMethodLevelAnnotations2,29,0,194.673492
org.apache.bcel.generic.InstructionHandleTestCase#testGetIHnull,3,1,178.228256
org.apache.bcel.generic.ArrayTypeTest#testGetClassName,5,4,177.044891
org.apache.bcel.verifier.VerifyBadClassesTestCase#testB310,3,0,187.60141
org.apache.bcel.verifier.VerifyBadClassesTestCase#testB303,3,0,186.198257
org.apache.bcel.util.BCELifierTestCase#testMainNoArg,13,3,183.684723
org.apache.bcel.generic.BasicTypeTest#testSignature,11,11,183.684494
org.apache.bcel.generic.LNEGTestCase#accept,12,2,180.090317
org.apache.bcel.generic.D2FTestCase#accept,12,2,183.202728
org.apache.bcel.util.ClassPathRepositoryTestCase#testLruCacheClassPathRepository,5,2,182.429321
org.apache.bcel.classfile.ConstantPoolTestCase#testClassWithDoubleConstantPoolItem,19,11,183.459091
org.apache.bcel.generic.JdkGenericDumpTestCase#testJreModules,8,0,249.471542
org.apache.bcel.CounterVisitorTestCase#testConstantDoubleCount,3,0,187.447388
org.apache.bcel.EnclosingMethodAttributeTestCase#testAttributeSerializtion,16,0,187.560562
org.apache.bcel.generic.EmptyVisitorTestCase#test,23,4,187.536285
org.apache.bcel.CounterVisitorTestCase#testLineNumberCount,3,0,186.390228
org.apache.bcel.generic.ArrayTypeTest#testGetElementType,5,3,175.816071
org.apache.bcel.generic.GeneratingAnnotatedClassesTestCase#testGenerateMethodLevelAnnotations1,20,0,194.784775
org.apache.bcel.generic.LSHRTestCase#accept,12,2,176.232391
org.apache.bcel.verifier.statics.Pass2VerifierTestCase#testReferenceToConstant,3,1,182.079224
org.apache.bcel.verifier.VerifyBadClassesTestCase#testB337,3,0,183.456329
org.apache.bcel.verifier.VerifierReturnTestCase#testInvalidReturn,20,0,188.26741